"Source:","C:\Users\Piotr\Desktop\Projekt RF budzy≈Ñ\Git_repo\STM32WL-board\KiCad\MSK_RF.kicad_sch"
"Date:","16.04.2022 19:14:04"
"Tool:","Eeschema (6.0.4)"
"Generator:","C:\Program Files\KiCad\6.0\bin\scripting\plugins/bom_csv_grouped_by_value.py"
"Component Count:","69"

"Individual Components:"

"Item","Qty","Reference(s)","Value","LibPart","Footprint","Datasheet","Description","Height","Manufacturer_Name","Manufacturer_Part_Number","Mouser Part Number","Mouser Price/Stock"
"","","C1","22pF","pspice:CAP","Capacitor_SMD:CP_Elec_3x5.3","~","","","","","",""
"","","C2","22pF","pspice:CAP","Capacitor_SMD:CP_Elec_3x5.3","~","","","","","",""
"","","C3","4.7uF","Device:C","Capacitor_SMD:C_0603_1608Metric_Pad1.08x0.95mm_HandSolder","~","","","","","",""
"","","C4","100nF","Device:C","Capacitor_SMD:C_0603_1608Metric_Pad1.08x0.95mm_HandSolder","~","","","","","",""
"","","C5","33pF","Device:C","Capacitor_SMD:C_0603_1608Metric_Pad1.08x0.95mm_HandSolder","~","","","","","",""
"","","C6","470nF","Device:C","Capacitor_SMD:C_0603_1608Metric_Pad1.08x0.95mm_HandSolder","~","","","","","",""
"","","C7","33pF","Device:C","Capacitor_SMD:C_0603_1608Metric_Pad1.08x0.95mm_HandSolder","~","","","","","",""
"","","C8","33pF","Device:C","Capacitor_SMD:C_0603_1608Metric_Pad1.08x0.95mm_HandSolder","~","","","","","",""
"","","C9","4.7pF","pspice:CAP","Capacitor_SMD:C_0603_1608Metric_Pad1.08x0.95mm_HandSolder","~","","","","","",""
"","","C10","47nF","pspice:CAP","Capacitor_SMD:C_0603_1608Metric_Pad1.08x0.95mm_HandSolder","~","","","","","",""
"","","C11","4.7pF","pspice:CAP","Capacitor_SMD:C_0603_1608Metric_Pad1.08x0.95mm_HandSolder","~","","","","","",""
"","","C12","68pF","pspice:CAP","Capacitor_SMD:C_0603_1608Metric_Pad1.08x0.95mm_HandSolder","~","","","","","",""
"","","C13","100 nF","pspice:CAP","Capacitor_SMD:C_0603_1608Metric_Pad1.08x0.95mm_HandSolder","~","","","","","",""
"","","C14","5.1pF","pspice:CAP","Capacitor_SMD:C_0603_1608Metric_Pad1.08x0.95mm_HandSolder","~","","","","","",""
"","","C15","22pF","pspice:CAP","Capacitor_SMD:C_0603_1608Metric_Pad1.08x0.95mm_HandSolder","~","","","","","",""
"","","C16","68pF","pspice:CAP","Capacitor_SMD:C_0603_1608Metric_Pad1.08x0.95mm_HandSolder","~","","","","","",""
"","","C17","4.7uF","Device:C","Capacitor_SMD:C_0603_1608Metric_Pad1.08x0.95mm_HandSolder","~","","","","","",""
"","","C18","100nF","Device:C","Capacitor_SMD:C_0603_1608Metric_Pad1.08x0.95mm_HandSolder","~","","","","","",""
"","","C19","100nF","Device:C","Capacitor_SMD:C_0603_1608Metric_Pad1.08x0.95mm_HandSolder","~","","","","","",""
"","","C20","4.7uF","Device:C","Capacitor_SMD:C_0603_1608Metric_Pad1.08x0.95mm_HandSolder","~","","","","","",""
"","","C21","100nF","Device:C","Capacitor_SMD:C_0603_1608Metric_Pad1.08x0.95mm_HandSolder","~","","","","","",""
"","","C22","100nF","Device:C","Capacitor_SMD:C_0603_1608Metric_Pad1.08x0.95mm_HandSolder","~","","","","","",""
"","","C23","100nF","Device:C","Capacitor_SMD:C_0603_1608Metric_Pad1.08x0.95mm_HandSolder","~","","","","","",""
"","","C24","68pF","pspice:CAP","Capacitor_SMD:C_0603_1608Metric_Pad1.08x0.95mm_HandSolder","~","","","","","",""
"","","C25","100 nF","pspice:CAP","Capacitor_SMD:C_0603_1608Metric_Pad1.08x0.95mm_HandSolder","~","","","","","",""
"","","C26","10pF","pspice:CAP","Capacitor_SMD:C_0603_1608Metric_Pad1.08x0.95mm_HandSolder","~","","","","","",""
"","","C27","100 nF","pspice:CAP","Capacitor_SMD:C_0603_1608Metric_Pad1.08x0.95mm_HandSolder","~","","","","","",""
"","","C28","4.7nF","pspice:CAP","Capacitor_SMD:C_0603_1608Metric_Pad1.08x0.95mm_HandSolder","~","","","","","",""
"","","C29","1uF","pspice:CAP","Capacitor_SMD:C_0603_1608Metric_Pad1.08x0.95mm_HandSolder","~","","","","","",""
"","","C30","1uF","pspice:CAP","Capacitor_SMD:C_0603_1608Metric_Pad1.08x0.95mm_HandSolder","~","","","","","",""
"","","C31","0.1uF","pspice:CAP","Capacitor_SMD:C_0603_1608Metric_Pad1.08x0.95mm_HandSolder","~","","","","","",""
"","","C32","1nF","pspice:CAP","Capacitor_SMD:C_0603_1608Metric_Pad1.08x0.95mm_HandSolder","~","","","","","",""
"","","D1","Green LED","Device:LED","LED_SMD:LED_0603_1608Metric","~","","","","","",""
"","","D3","PESD5V0L4UW","Power_Protection:PESD5V0L4UW","Package_TO_SOT_SMD:SOT-665","https://assets.nexperia.com/documents/data-sheet/PESDXL4UF_G_W.pdf","","","","","",""
"","","D4","PESD5V0L4UW","Power_Protection:PESD5V0L4UW","Package_TO_SOT_SMD:SOT-665","https://assets.nexperia.com/documents/data-sheet/PESDXL4UF_G_W.pdf","","","","","",""
"","","D5","PESD5V0L4UW","Power_Protection:PESD5V0L4UW","Package_TO_SOT_SMD:SOT-665","https://assets.nexperia.com/documents/data-sheet/PESDXL4UF_G_W.pdf","","","","","",""
"","","D6","Green LED","Device:LED","LED_SMD:LED_0603_1608Metric_Pad1.05x0.95mm_HandSolder","~","","","","","",""
"","","D7","Red LED","Device:LED","LED_SMD:LED_0603_1608Metric_Pad1.05x0.95mm_HandSolder","~","","","","","",""
"","","J1","Conn_ARM_JTAG_SWD_10","Connector:Conn_ARM_JTAG_SWD_10","Connector_PinSocket_2.54mm:PinSocket_2x03_P2.54mm_Vertical","http://infocenter.arm.com/help/topic/com.arm.doc.ddi0314h/DDI0314H_coresight_components_trm.pdf","","","","","",""
"","","J2","Conn_01x12","Connector_Generic:Conn_01x12","Connector_PinSocket_2.54mm:PinSocket_1x12_P2.54mm_Vertical","~","","","","","",""
"","","J3","Conn_01x12","Connector_Generic:Conn_01x12","Connector_PinSocket_2.54mm:PinSocket_1x12_P2.54mm_Vertical","~","","","","","",""
"","","J4","Conn_Coaxial","Connector:Conn_Coaxial","Connector_Coaxial:SMA_Molex_73251-1153_EdgeMount_Horizontal"," ~","","","","","",""
"","","J5","USB_B_Micro","Connector:USB_B_Micro","SamacSys_Parts:47346-0001","~","","","","","",""
"","","JP1","Jumper_2_Bridged","Jumper:Jumper_2_Bridged","Connector_PinHeader_2.54mm:PinHeader_1x02_P2.54mm_Vertical","~","","","","","",""
"","","JP2","Jumper_2_Bridged","Jumper:Jumper_2_Bridged","Connector_PinHeader_2.54mm:PinHeader_1x02_P2.54mm_Vertical","~","","","","","",""
"","","JP3","Jumper_2_Open","Jumper:Jumper_2_Open","Connector_PinHeader_2.54mm:PinHeader_1x02_P2.54mm_Vertical","~","","","","","",""
"","","L1","15uH","Device:L","Inductor_SMD:L_0603_1608Metric_Pad1.05x0.95mm_HandSolder","~","","","","","",""
"","","L2","39nH","Device:L","Inductor_SMD:L_0603_1608Metric_Pad1.05x0.95mm_HandSolder","~","","","","","",""
"","","L4","56n","Device:L","Inductor_SMD:L_0603_1608Metric_Pad1.05x0.95mm_HandSolder","~","","","","","",""
"","","L5","5.6nH","Device:L","Inductor_SMD:L_0603_1608Metric_Pad1.05x0.95mm_HandSolder","~","","","","","",""
"","","L6","16nH","Device:L","Inductor_SMD:L_0603_1608Metric_Pad1.05x0.95mm_HandSolder","~","","","","","",""
"","","R1","10K","Device:R","Resistor_SMD:R_0603_1608Metric_Pad0.98x0.95mm_HandSolder","~","","","","","",""
"","","R2","1M","Device:R","Resistor_SMD:R_0603_1608Metric_Pad0.98x0.95mm_HandSolder","~","","","","","",""
"","","R3","1k","Device:R","Resistor_SMD:R_0603_1608Metric_Pad0.98x0.95mm_HandSolder","~","","","","","",""
"","","R4","1k","Device:R","Resistor_SMD:R_0603_1608Metric_Pad0.98x0.95mm_HandSolder","~","","","","","",""
"","","R5","2k","Device:R","Resistor_SMD:R_0603_1608Metric_Pad0.98x0.95mm_HandSolder","~","","","","","",""
"","","R6","10k","Device:R","Resistor_SMD:R_0603_1608Metric_Pad0.98x0.95mm_HandSolder","~","","","","","",""
"","","R7","100R","Device:R","Resistor_SMD:R_0603_1608Metric_Pad0.98x0.95mm_HandSolder","~","","","","","",""
"","","R8","10k","Device:R","Resistor_SMD:R_0603_1608Metric_Pad0.98x0.95mm_HandSolder","~","","","","","",""
"","","R9","10K","Device:R","Resistor_SMD:R_0603_1608Metric_Pad0.98x0.95mm_HandSolder","~","","","","","",""
"","","R10","10K","Device:R","Resistor_SMD:R_0603_1608Metric_Pad0.98x0.95mm_HandSolder","~","","","","","",""
"","","SW1","SW_Push","Switch:SW_Push","SamacSys_Parts:FSM2J_1","~","","","","","",""
"","","SW2","SW_Push","Switch:SW_Push","SamacSys_Parts:FSM2J_1","~","","","","","",""
"","","SW3","SW_Push","Switch:SW_Push","SamacSys_Parts:FSM2J_1","~","","","","","",""
"","","U1","STM32WLE5CCU6","STM32WL_lib:STM32WLE5CCU6","SamacSys_Parts:QFN50P700X700X60-49N-D","","","","","","",""
"","","U2","ADG918BRM","RF_Switch:ADG918BRM","Package_SO:MSOP-8_3x3mm_P0.65mm","https://www.analog.com/media/en/technical-documentation/data-sheets/ADG918_919.pdf","","","","","",""
"","","U3","TLV70233_SOT23-5","Regulator_Linear:TLV70233_SOT23-5","Package_TO_SOT_SMD:SOT-23-5","http://www.ti.com/lit/ds/symlink/tlv702.pdf","","","","","",""
"","","Y1","32.768 kHz","Device:Crystal","SamacSys_Parts:ECX-31B","~","","","","","",""
"","","Y2","ECS-320-8-37-CKM-TR3","SamacSys_Parts:ECS-320-8-37-CKM-TR3","ECS320837CKMTR3","","Crystals 32.000 MHz, CL 8 pF TOL +/-10 ppm, STAB +/-10 ppm, -20 +70 C ECX-1637 2.0x1.6 mm ESR 60O RoHS","0.55","ECS","ECS-320-8-37-CKM-TR3","520-ECS-320837CKMTR3","https://www.mouser.co.uk/ProductDetail/ECS/ECS-320-8-37-CKM-TR3?qs=Wj%2FVkw3K%252BMA6yOTc3kdDxg%3D%3D"



"Collated Components:"

"Item","Qty","Reference(s)","Value","LibPart","Footprint","Datasheet","Description","Height","Manufacturer_Name","Manufacturer_Part_Number","Mouser Part Number","Mouser Price/Stock"
"1","2","C1, C2","22pF","pspice:CAP","Capacitor_SMD:CP_Elec_3x5.3","~","","","","","",""
"2","3","C3, C17, C20","4.7uF","Device:C","Capacitor_SMD:C_0603_1608Metric_Pad1.08x0.95mm_HandSolder","~","","","","","",""
"3","6","C4, C18, C19, C21, C22, C23","100nF","Device:C","Capacitor_SMD:C_0603_1608Metric_Pad1.08x0.95mm_HandSolder","~","","","","","",""
"4","3","C5, C7, C8","33pF","Device:C","Capacitor_SMD:C_0603_1608Metric_Pad1.08x0.95mm_HandSolder","~","","","","","",""
"5","1","C6","470nF","Device:C","Capacitor_SMD:C_0603_1608Metric_Pad1.08x0.95mm_HandSolder","~","","","","","",""
"6","2","C9, C11","4.7pF","pspice:CAP","Capacitor_SMD:C_0603_1608Metric_Pad1.08x0.95mm_HandSolder","~","","","","","",""
"7","1","C10","47nF","pspice:CAP","Capacitor_SMD:C_0603_1608Metric_Pad1.08x0.95mm_HandSolder","~","","","","","",""
"8","3","C12, C16, C24","68pF","pspice:CAP","Capacitor_SMD:C_0603_1608Metric_Pad1.08x0.95mm_HandSolder","~","","","","","",""
"9","3","C13, C25, C27","100 nF","pspice:CAP","Capacitor_SMD:C_0603_1608Metric_Pad1.08x0.95mm_HandSolder","~","","","","","",""
"10","1","C14","5.1pF","pspice:CAP","Capacitor_SMD:C_0603_1608Metric_Pad1.08x0.95mm_HandSolder","~","","","","","",""
"11","1","C15","22pF","pspice:CAP","Capacitor_SMD:C_0603_1608Metric_Pad1.08x0.95mm_HandSolder","~","","","","","",""
"12","1","C26","10pF","pspice:CAP","Capacitor_SMD:C_0603_1608Metric_Pad1.08x0.95mm_HandSolder","~","","","","","",""
"13","1","C28","4.7nF","pspice:CAP","Capacitor_SMD:C_0603_1608Metric_Pad1.08x0.95mm_HandSolder","~","","","","","",""
"14","2","C29, C30","1uF","pspice:CAP","Capacitor_SMD:C_0603_1608Metric_Pad1.08x0.95mm_HandSolder","~","","","","","",""
"15","1","C31","0.1uF","pspice:CAP","Capacitor_SMD:C_0603_1608Metric_Pad1.08x0.95mm_HandSolder","~","","","","","",""
"16","1","C32","1nF","pspice:CAP","Capacitor_SMD:C_0603_1608Metric_Pad1.08x0.95mm_HandSolder","~","","","","","",""
"17","1","D1","Green LED","Device:LED","LED_SMD:LED_0603_1608Metric","~","","","","","",""
"18","3","D3, D4, D5","PESD5V0L4UW","Power_Protection:PESD5V0L4UW","Package_TO_SOT_SMD:SOT-665","https://assets.nexperia.com/documents/data-sheet/PESDXL4UF_G_W.pdf","","","","","",""
"19","1","D6","Green LED","Device:LED","LED_SMD:LED_0603_1608Metric_Pad1.05x0.95mm_HandSolder","~","","","","","",""
"20","1","D7","Red LED","Device:LED","LED_SMD:LED_0603_1608Metric_Pad1.05x0.95mm_HandSolder","~","","","","","",""
"21","1","J1","Conn_ARM_JTAG_SWD_10","Connector:Conn_ARM_JTAG_SWD_10","Connector_PinSocket_2.54mm:PinSocket_2x03_P2.54mm_Vertical","http://infocenter.arm.com/help/topic/com.arm.doc.ddi0314h/DDI0314H_coresight_components_trm.pdf","","","","","",""
"22","2","J2, J3","Conn_01x12","Connector_Generic:Conn_01x12","Connector_PinSocket_2.54mm:PinSocket_1x12_P2.54mm_Vertical","~","","","","","",""
"23","1","J4","Conn_Coaxial","Connector:Conn_Coaxial","Connector_Coaxial:SMA_Molex_73251-1153_EdgeMount_Horizontal"," ~","","","","","",""
"24","1","J5","USB_B_Micro","Connector:USB_B_Micro","SamacSys_Parts:47346-0001","~","","","","","",""
"25","2","JP1, JP2","Jumper_2_Bridged","Jumper:Jumper_2_Bridged","Connector_PinHeader_2.54mm:PinHeader_1x02_P2.54mm_Vertical","~","","","","","",""
"26","1","JP3","Jumper_2_Open","Jumper:Jumper_2_Open","Connector_PinHeader_2.54mm:PinHeader_1x02_P2.54mm_Vertical","~","","","","","",""
"27","1","L1","15uH","Device:L","Inductor_SMD:L_0603_1608Metric_Pad1.05x0.95mm_HandSolder","~","","","","","",""
"28","1","L2","39nH","Device:L","Inductor_SMD:L_0603_1608Metric_Pad1.05x0.95mm_HandSolder","~","","","","","",""
"29","1","L4","56n","Device:L","Inductor_SMD:L_0603_1608Metric_Pad1.05x0.95mm_HandSolder","~","","","","","",""
"30","1","L5","5.6nH","Device:L","Inductor_SMD:L_0603_1608Metric_Pad1.05x0.95mm_HandSolder","~","","","","","",""
"31","1","L6","16nH","Device:L","Inductor_SMD:L_0603_1608Metric_Pad1.05x0.95mm_HandSolder","~","","","","","",""
"32","3","R1, R9, R10","10K","Device:R","Resistor_SMD:R_0603_1608Metric_Pad0.98x0.95mm_HandSolder","~","","","","","",""
"33","1","R2","1M","Device:R","Resistor_SMD:R_0603_1608Metric_Pad0.98x0.95mm_HandSolder","~","","","","","",""
"34","2","R3, R4","1k","Device:R","Resistor_SMD:R_0603_1608Metric_Pad0.98x0.95mm_HandSolder","~","","","","","",""
"35","1","R5","2k","Device:R","Resistor_SMD:R_0603_1608Metric_Pad0.98x0.95mm_HandSolder","~","","","","","",""
"36","2","R6, R8","10k","Device:R","Resistor_SMD:R_0603_1608Metric_Pad0.98x0.95mm_HandSolder","~","","","","","",""
"37","1","R7","100R","Device:R","Resistor_SMD:R_0603_1608Metric_Pad0.98x0.95mm_HandSolder","~","","","","","",""
"38","3","SW1, SW2, SW3","SW_Push","Switch:SW_Push","SamacSys_Parts:FSM2J_1","~","","","","","",""
"39","1","U1","STM32WLE5CCU6","STM32WL_lib:STM32WLE5CCU6","SamacSys_Parts:QFN50P700X700X60-49N-D","","","","","","",""
"40","1","U2","ADG918BRM","RF_Switch:ADG918BRM","Package_SO:MSOP-8_3x3mm_P0.65mm","https://www.analog.com/media/en/technical-documentation/data-sheets/ADG918_919.pdf","","","","","",""
"41","1","U3","TLV70233_SOT23-5","Regulator_Linear:TLV70233_SOT23-5","Package_TO_SOT_SMD:SOT-23-5","http://www.ti.com/lit/ds/symlink/tlv702.pdf","","","","","",""
"42","1","Y1","32.768 kHz","Device:Crystal","SamacSys_Parts:ECX-31B","~","","","","","",""
"43","1","Y2","ECS-320-8-37-CKM-TR3","SamacSys_Parts:ECS-320-8-37-CKM-TR3","ECS320837CKMTR3","","Crystals 32.000 MHz, CL 8 pF TOL +/-10 ppm, STAB +/-10 ppm, -20 +70 C ECX-1637 2.0x1.6 mm ESR 60O RoHS","0.55","ECS","ECS-320-8-37-CKM-TR3","520-ECS-320837CKMTR3","https://www.mouser.co.uk/ProductDetail/ECS/ECS-320-8-37-CKM-TR3?qs=Wj%2FVkw3K%252BMA6yOTc3kdDxg%3D%3D"
